,comments
0,testwhat mondaymotivation playlist
1,mondaymotivation playlist
2,mondaymotivation playlist
3,wish speedy recovery india beloved icon affect covid
4,tag lockdownchef
5,chance grab big brand shop today flipkart fashion good season sale boss fashion sale apply
6,day boss
7,mondaymotivation playlist
8,wish speedy recovery india beloved icon affect covid
9,tag lockdownchef
10,chance grab big brand shop today flipkart fashion good season sale boss fashion sale apply
11,day boss
12,hey plus member time reward love shopping win supercoins shop month flipkart plus win thon find plus zone flipkart app
13,flipkart plus win thon
14,win redme note pro tap games icon flipkart app play guess
15,click play
16,flipkart video present brand new game superfan answer simple question favourite star stand chance connect play
17,wash away grime dirt ifb fully automatic load washing machine equip aqua energie deep clean technology available flipkart month hurry
18,mondaymotivation playlist
19,wish speedy recovery india beloved icon affect covid
20,tag lockdownchef
21,chance grab big brand shop today flipkart fashion good season sale boss fashion sale apply
22,day boss
23,hey plus member time reward love shopping win supercoins shop month flipkart plus win thon find plus zone flipkart app
24,flipkart plus win thon
25,win redme note pro tap games icon flipkart app play guess
26,click play
27,flipkart video present brand new game superfan answer simple question favourite star stand chance connect play
28,wash away grime dirt ifb fully automatic load washing machine equip aqua energie deep clean technology available flipkart month hurry
29,ultra hd hd hd ready difference swipe know smarttv
30,know smart tv
31,swipe know
32,ultra hd
33,hd
34,hdr
35,smart decision
36,exude irresistible charm wild stone man perfume exotic fragrance instantly perk shop notice
37,wildstone logtohnoticekarenge perfumesformen groomingformen flipkartbeauty
38,wild stone men flipkart beauty
39,want home touch royalty spend like nawab shop amira collection house pataudi
40,launch amira
41,tv unit
42,dine table
43,bed
44,sofa
45,coffee table
46,study tables
47,bedside table
48,bring home
49,bread dog like cat dog ask friend
